Date,Facility,Energy_kWh,Water_L,Waste_kg
2026-09-01,GITA Campus,4200,18000,310
2026-09-02,GITA Campus,4350,18200,315
2026-09-03,GITA Campus,4100,17600,295
2026-09-04,GITA Campus,4250,18100,305
2026-09-05,GITA Campus,4400,18500,320
2026-09-06,GITA Campus,4300,18000,310
2026-09-07,GITA Campus,4450,18700,325
2026-09-08,GITA Campus,4200,17900,300
2026-09-09,GITA Campus,4380,18300,315
2026-09-10,GITA Campus,4520,18800,330
2026-09-11,GITA Campus,4270,18100,310
2026-09-12,GITA Campus,4350,18400,318
2026-09-13,GITA Campus,4420,18600,325
2026-09-14,GITA Campus,4310,18200,312
2026-09-15,GITA Campus,4480,18900,328
2026-09-16,GITA Campus,4390,18500,320
2026-09-17,GITA Campus,4550,19000,335
2026-09-18,GITA Campus,6800,24000,510
2026-09-19,GITA Campus,4400,18300,315
2026-09-20,GITA Campus,4320,18100,308
2026-09-21,GITA Campus,4460,18700,322
2026-09-22,GITA Campus,4580,19100,338
2026-09-23,GITA Campus,4370,18400,316
2026-09-24,GITA Campus,4420,18600,320
2026-09-25,GITA Campus,6900,25000,540
2026-09-26,GITA Campus,4350,18200,312
2026-09-27,GITA Campus,4290,18000,305
2026-09-28,GITA Campus,4500,18800,330
2026-09-29,GITA Campus,4410,18500,318
2026-09-30,GITA Campus,4480,18700,325